<?xml version="1.0" encoding="UTF-8"?>
<beans xmlns="http://www.springframework.org/schema/beans"
       xmlns:xsi="http://www.w3.org/2001/XMLSchema-instance"
        xmlns:context="http://www.springframework.org/schema/context"
       xmlns:tx="http://www.springframework.org/schema/tx"
       xsi:schemaLocation="http://www.springframework.org/schema/beans
http://www.springframework.org/schema/beans/spring-beans-3.0.xsd
http://www.springframework.org/schema/context
http://www.springframework.org/schema/context/spring-context-3.0.xsd
http://www.springframework.org/schema/tx
http://www.springframework.org/schema/tx/spring-tx-3.0.xsd">
 
<context:component-scan base-package="controller" />
<context:annotation-config/>
<context:property-placeholder location="classpath:resources/database.properties" />

 
<bean name="viewResolver" class="org.springframework.web.servlet.view.InternalResourceViewResolver">
<property name="prefix" value="/WEB-INF/newTest/" />
<property name="suffix" value=".jsp" />
</bean>


<bean id="dataSource"
              class="org.springframework.jdbc.datasource.DriverManagerDataSource">
              <property name="driverClassName" value="${database.driver}" />
              <property name="url" value="${database.url}" />
              <property name="username" value="${database.user}" />
              <property name="password" value="${database.password}" />
       </bean>

       <bean id="hibernate4AnnotatedSessionFactory"
              class="org.springframework.orm.hibernate4.LocalSessionFactoryBean">
              <property name="dataSource" ref="dataSource" />
              <property name="annotatedClasses">
                     <list>
                           <value>model.User</value>
                             <value>model.Owner</value>
                             <value>model.Broker</value>
                             <value>model.House</value>
							
                     </list>
              </property>
              <property name="hibernateProperties">
                     <props>
                           <prop key="hibernate.dialect">${hibernate.dialect}</prop>
                           <prop key="hibernate.show_sql">${hibernate.show_sql}</prop>
                           <prop key="hibernate.hbm2ddl.auto">${hibernate.hbm2ddl.auto}</prop>
                     </props>
              </property>
       </bean>

          <bean id="userService" class="service.UserServiceImpl" >
        
       </bean>
       
       
       <bean id="useDAO" class="daoImpl.UserDaoImpl"  >
      
              </bean>

    

       <bean id="messageSource"
              class="org.springframework.context.support.ReloadableResourceBundleMessageSource">
              <property name="basename" value="classpath:message" />
              <property name="defaultEncoding" value="UTF-8" />
       </bean>

      <tx:annotation-driven transaction-manager="transactionManager" />

       <bean id="transactionManager"
              class="org.springframework.orm.hibernate4.HibernateTransactionManager">
              <property name="sessionFactory" ref="hibernate4AnnotatedSessionFactory" />
       </bean>

 
</beans>